15.07.2018;01:00;26
15.07.2018;02:00;29
15.07.2018;03:00;23
15.07.2018;04:00;23
15.07.2018;05:00;33
15.07.2018;06:00;33
15.07.2018;07:00;26
15.07.2018;08:00;20
15.07.2018;09:00;15
15.07.2018;10:00;2
15.07.2018;11:00;2
15.07.2018;12:00;2
15.07.2018;13:00;5
15.07.2018;14:00;7
15.07.2018;15:00;11
15.07.2018;16:00;23
15.07.2018;17:00;31
15.07.2018;18:00;2
15.07.2018;19:00;2
15.07.2018;20:00;2
15.07.2018;21:00;4
15.07.2018;22:00;20
15.07.2018;23:00;23
16.07.2018;00:00;16
16.07.2018;01:00;13
16.07.2018;02:00;12
16.07.2018;03:00;12
16.07.2018;04:00;14
16.07.2018;05:00;14
16.07.2018;06:00;13
16.07.2018;07:00;16
16.07.2018;08:00;15
16.07.2018;09:00;7
16.07.2018;10:00;2
16.07.2018;11:00;2
16.07.2018;12:00;2
16.07.2018;13:00;2
16.07.2018;14:00;2
16.07.2018;15:00;3
16.07.2018;16:00;12
16.07.2018;17:00;28
16.07.2018;18:00;2
16.07.2018;19:00;2
16.07.2018;20:00;2
16.07.2018;21:00;10
16.07.2018;22:00;36
16.07.2018;23:00;21
17.07.2018;00:00;23
17.07.2018;01:00;15
17.07.2018;02:00;20
17.07.2018;03:00;22
17.07.2018;04:00;19
17.07.2018;05:00;23
17.07.2018;06:00;31
17.07.2018;07:00;44
17.07.2018;08:00;26
17.07.2018;09:00;17
17.07.2018;10:00;9
17.07.2018;11:00;2
17.07.2018;12:00;2
17.07.2018;13:00;2
17.07.2018;14:00;6
17.07.2018;15:00;16
17.07.2018;16:00;2
17.07.2018;17:00;4
17.07.2018;18:00;7
17.07.2018;19:00;13
17.07.2018;20:00;27
17.07.2018;21:00;2
17.07.2018;22:00;6
17.07.2018;23:00;17
18.07.2018;00:00;10
18.07.2018;01:00;6
18.07.2018;02:00;15
18.07.2018;03:00;19
18.07.2018;04:00;22
18.07.2018;05:00;31
18.07.2018;06:00;22
18.07.2018;07:00;16
18.07.2018;08:00;21
18.07.2018;09:00;10
18.07.2018;10:00;2
18.07.2018;11:00;8
18.07.2018;12:00;10
18.07.2018;13:00;11
18.07.2018;14:00;12
18.07.2018;15:00;12
18.07.2018;16:00;12
18.07.2018;17:00;12
18.07.2018;18:00;12
18.07.2018;19:00;16
18.07.2018;20:00;14
18.07.2018;21:00;21
18.07.2018;22:00;21
18.07.2018;23:00;24
19.07.2018;00:00;32
19.07.2018;01:00;33
19.07.2018;02:00;21
19.07.2018;03:00;22
19.07.2018;04:00;25
19.07.2018;05:00;16
19.07.2018;06:00;25
19.07.2018;07:00;23
19.07.2018;08:00;15
19.07.2018;09:00;9
19.07.2018;10:00;7
19.07.2018;11:00;16
19.07.2018;12:00;19
19.07.2018;13:00;19
19.07.2018;14:00;18
19.07.2018;15:00;18
19.07.2018;16:00;19
19.07.2018;17:00;16
19.07.2018;18:00;14
19.07.2018;19:00;17
19.07.2018;20:00;17
19.07.2018;21:00;19
19.07.2018;22:00;25
19.07.2018;23:00;30
20.07.2018;00:00;25
20.07.2018;01:00;28
20.07.2018;02:00;22
20.07.2018;03:00;19
20.07.2018;04:00;24
20.07.2018;05:00;21
20.07.2018;06:00;19
20.07.2018;07:00;22
20.07.2018;08:00;24
20.07.2018;09:00;17
20.07.2018;10:00;15
20.07.2018;11:00;18
20.07.2018;12:00;18
20.07.2018;13:00;18
20.07.2018;14:00;17
