14.07.2018;01:00;26
14.07.2018;02:00;18
14.07.2018;03:00;30
14.07.2018;04:00;29
14.07.2018;05:00;25
14.07.2018;06:00;27
14.07.2018;07:00;26
14.07.2018;08:00;25
14.07.2018;09:00;29
14.07.2018;10:00;31
14.07.2018;11:00;27
14.07.2018;12:00;29
14.07.2018;13:00;22
14.07.2018;14:00;22
14.07.2018;15:00;16
14.07.2018;16:00;21
14.07.2018;17:00;19
14.07.2018;18:00;15
14.07.2018;19:00;17
14.07.2018;20:00;21
14.07.2018;21:00;19
14.07.2018;22:00;26
14.07.2018;23:00;24
15.07.2018;00:00;21
15.07.2018;01:00;30
15.07.2018;02:00;26
15.07.2018;03:00;31
15.07.2018;04:00;33
15.07.2018;05:00;26
15.07.2018;06:00;29
15.07.2018;07:00;24
15.07.2018;08:00;33
15.07.2018;09:00;23
15.07.2018;10:00;8
15.07.2018;11:00;12
15.07.2018;12:00;16
15.07.2018;13:00;16
15.07.2018;14:00;12
15.07.2018;15:00;23
15.07.2018;16:00;15
15.07.2018;17:00;24
15.07.2018;18:00;6
15.07.2018;19:00;8
15.07.2018;20:00;10
15.07.2018;21:00;15
15.07.2018;22:00;12
15.07.2018;23:00;16
16.07.2018;00:00;17
16.07.2018;01:00;18
16.07.2018;02:00;16
16.07.2018;03:00;13
16.07.2018;04:00;17
16.07.2018;05:00;11
16.07.2018;06:00;11
16.07.2018;07:00;15
16.07.2018;08:00;13
16.07.2018;09:00;13
16.07.2018;10:00;10
16.07.2018;11:00;12
16.07.2018;12:00;15
16.07.2018;13:00;16
16.07.2018;14:00;9
16.07.2018;15:00;17
16.07.2018;16:00;20
16.07.2018;17:00;16
16.07.2018;18:00;9
16.07.2018;19:00;15
16.07.2018;20:00;11
16.07.2018;21:00;13
16.07.2018;22:00;14
16.07.2018;23:00;18
17.07.2018;00:00;19
17.07.2018;01:00;16
17.07.2018;02:00;19
17.07.2018;03:00;14
17.07.2018;04:00;16
17.07.2018;05:00;17
17.07.2018;06:00;16
17.07.2018;07:00;16
17.07.2018;08:00;20
17.07.2018;09:00;26
17.07.2018;10:00;21
17.07.2018;11:00;19
17.07.2018;12:00;15
17.07.2018;13:00;14
17.07.2018;14:00;23
17.07.2018;15:00;17
17.07.2018;16:00;10
17.07.2018;17:00;19
17.07.2018;18:00;21
17.07.2018;19:00;28
17.07.2018;20:00;15
17.07.2018;21:00;5
17.07.2018;22:00;9
17.07.2018;23:00;11
18.07.2018;00:00;10
18.07.2018;01:00;13
18.07.2018;02:00;11
18.07.2018;03:00;16
18.07.2018;04:00;17
18.07.2018;05:00;17
18.07.2018;06:00;17
18.07.2018;07:00;13
18.07.2018;08:00;18
18.07.2018;09:00;27
18.07.2018;10:00;21
18.07.2018;11:00;22
18.07.2018;12:00;23
18.07.2018;13:00;21
18.07.2018;14:00;18
18.07.2018;15:00;21
18.07.2018;16:00;24
18.07.2018;17:00;19
18.07.2018;18:00;20
18.07.2018;19:00;22
18.07.2018;20:00;21
18.07.2018;21:00;24
18.07.2018;22:00;25
18.07.2018;23:00;27
19.07.2018;00:00;26
19.07.2018;01:00;25
19.07.2018;02:00;29
19.07.2018;03:00;31
19.07.2018;04:00;29
19.07.2018;05:00;22
19.07.2018;06:00;24
19.07.2018;07:00;32
19.07.2018;08:00;32
19.07.2018;09:00;27
19.07.2018;10:00;25
19.07.2018;11:00;26
19.07.2018;12:00;30
19.07.2018;13:00;22
19.07.2018;14:00;32
19.07.2018;15:00;23
19.07.2018;16:00;25
