15.07.2018;01:00;30
15.07.2018;02:00;36
15.07.2018;03:00;34
15.07.2018;04:00;33
15.07.2018;05:00;31
15.07.2018;06:00;28
15.07.2018;07:00;26
15.07.2018;08:00;29
15.07.2018;09:00;20
15.07.2018;10:00;12
15.07.2018;11:00;14
15.07.2018;12:00;14
15.07.2018;13:00;15
15.07.2018;14:00;15
15.07.2018;15:00;16
15.07.2018;16:00;19
15.07.2018;17:00;19
15.07.2018;18:00;14
15.07.2018;19:00;12
15.07.2018;20:00;12
15.07.2018;21:00;10
15.07.2018;22:00;11
15.07.2018;23:00;13
16.07.2018;00:00;16
16.07.2018;01:00;19
16.07.2018;02:00;19
16.07.2018;03:00;17
16.07.2018;04:00;14
16.07.2018;05:00;12
16.07.2018;06:00;13
16.07.2018;07:00;12
16.07.2018;08:00;10
16.07.2018;09:00;7
16.07.2018;10:00;6
16.07.2018;11:00;8
16.07.2018;12:00;7
16.07.2018;13:00;8
16.07.2018;14:00;11
16.07.2018;15:00;14
16.07.2018;16:00;12
16.07.2018;17:00;11
16.07.2018;18:00;10
16.07.2018;19:00;7
16.07.2018;20:00;12
16.07.2018;21:00;14
16.07.2018;22:00;16
16.07.2018;23:00;14
17.07.2018;00:00;17
17.07.2018;01:00;19
17.07.2018;02:00;19
17.07.2018;03:00;17
17.07.2018;04:00;16
17.07.2018;05:00;17
17.07.2018;06:00;18
17.07.2018;07:00;20
17.07.2018;08:00;25
17.07.2018;09:00;22
17.07.2018;10:00;15
17.07.2018;11:00;12
17.07.2018;12:00;10
17.07.2018;13:00;10
17.07.2018;14:00;15
17.07.2018;15:00;10
17.07.2018;16:00;9
17.07.2018;17:00;11
17.07.2018;18:00;10
17.07.2018;19:00;13
17.07.2018;20:00;10
17.07.2018;21:00;9
17.07.2018;22:00;9
17.07.2018;23:00;11
18.07.2018;00:00;12
18.07.2018;01:00;12
18.07.2018;02:00;14
18.07.2018;03:00;15
18.07.2018;04:00;14
18.07.2018;05:00;14
18.07.2018;06:00;15
18.07.2018;07:00;16
18.07.2018;08:00;16
18.07.2018;09:00;15
18.07.2018;10:00;14
18.07.2018;11:00;14
18.07.2018;12:00;14
18.07.2018;13:00;14
18.07.2018;14:00;14
18.07.2018;15:00;14
18.07.2018;16:00;15
18.07.2018;17:00;15
18.07.2018;18:00;15
18.07.2018;19:00;15
18.07.2018;20:00;16
18.07.2018;21:00;16
18.07.2018;22:00;20
18.07.2018;23:00;20
19.07.2018;00:00;24
19.07.2018;01:00;24
19.07.2018;02:00;23
19.07.2018;03:00;25
19.07.2018;04:00;24
19.07.2018;05:00;24
19.07.2018;06:00;25
19.07.2018;07:00;31
19.07.2018;08:00;29
19.07.2018;09:00;22
19.07.2018;10:00;17
19.07.2018;11:00;18
19.07.2018;12:00;17
19.07.2018;13:00;16
19.07.2018;14:00;16
19.07.2018;15:00;17
19.07.2018;16:00;18
19.07.2018;17:00;18
19.07.2018;18:00;18
19.07.2018;19:00;21
19.07.2018;20:00;23
19.07.2018;21:00;20
19.07.2018;22:00;22
19.07.2018;23:00;24
20.07.2018;00:00;26
20.07.2018;01:00;30
20.07.2018;02:00;32
20.07.2018;03:00;31
20.07.2018;04:00;33
20.07.2018;05:00;32
20.07.2018;06:00;29
20.07.2018;07:00;31
20.07.2018;08:00;41
20.07.2018;09:00;39
20.07.2018;10:00;28
20.07.2018;11:00;24
